prefecture,municipality,category,subcategory,title,url,source_level,required_status,memo,display_scope,priority
東京都,新宿区,road,指定道路図,建築基準法の道路種別の確認,https://www.city.shinjuku.lg.jp/seikatsu/file18_03_00008.html,区公式,URL登録済,新宿区みんなのGISから建築基準法の道路種別を確認,municipality,1
東京都,新宿区,road,道路台帳,道路台帳・街区基準点の閲覧,https://www.city.shinjuku.lg.jp/seikatsu/file16_02_00001.html,区公式,URL登録済,道路台帳及び街区基準点の閲覧,municipality,2
東京都,新宿区,district_plan,用途地域,都市計画情報提供（用途地域等）,https://www.city.shinjuku.lg.jp/kusei/index13_08.html,区公式,URL登録済,用途地域等・都市施設等の確認,municipality,1
東京都,新宿区,district_plan,用途地域,都市計画情報等の調べ方（不動産調査用）,https://www.city.shinjuku.lg.jp/kusei/toshikei01_000001_00065.html,区公式,URL登録済,不動産調査用の都市計画情報確認ページ,municipality,2
東京都,新宿区,hazard,洪水,新宿区洪水ハザードマップ,https://www.city.shinjuku.lg.jp/anzen/file03_00016.html,区公式,URL登録済,洪水ハザードマップ確認,municipality,1
東京都,新宿区,hazard,洪水,新宿区洪水ハザードマップGIS,https://www.city.shinjuku.lg.jp/anzen/htdocs/index.html,区公式,URL登録済,洪水ハザードマップの地図表示,municipality,2
東京都,新宿区,building_guidance,建築確認,都市計画部 建築指導課,https://www.city.shinjuku.lg.jp/soshiki/400900kenchiku.html,区公式,URL登録済,建築基準法・地区計画・都市計画法等の確認窓口,municipality,1
東京都,新宿区,building_guidance,位置指定道路,位置指定道路の指定、変更及び取消し,https://www.city.shinjuku.lg.jp/seikatsu/file18_03_00009.html,区公式,URL登録済,位置指定道路関連の確認,municipality,2
東京都,港区,road,指定道路図,建築基準法の道路種別,https://www.city.minato.tokyo.jp/kenchikushinsa/douroshubetsu/shubetsu.html,区公式,URL登録済,指定道路図で道路種別を確認,municipality,1
東京都,港区,road,道路台帳,道路台帳平面図・路線番号図のWeb閲覧,https://www.city.minato.tokyo.jp/dourodaichou/kankyo-machi/kotsu/shisaku/dorodaicho.html,区公式,URL登録済,道路台帳平面図・路線番号図の確認,municipality,2
東京都,港区,district_plan,用途地域,用途地域等の検索,https://www.city.minato.tokyo.jp/toshikeikaku/toshikeikaku/youtochiiki/youtochiiki.html,区公式,URL登録済,用途地域等の確認,municipality,1
東京都,港区,district_plan,用途地域,港区用途地域地区等図,https://www.city.minato.tokyo.jp/toshikeikaku/toshikeikaku/toshishisetsu/youtochiikichikutouzu.html,区公式,URL登録済,用途地域地区等図の確認,municipality,2
東京都,港区,hazard,ハザード,ハザードマップ,https://www.city.minato.tokyo.jp/bousai/hazard_map/hazard_map.html,区公式,URL登録済,浸水・高潮・土砂災害等のハザード情報,municipality,1
東京都,港区,hazard,浸水,浸水ハザードマップ,https://www.city.minato.tokyo.jp/dobokukeikaku/bosai-anzen/bosai/shinsui/hazard-map/,区公式,URL登録済,浸水ハザードマップ確認,municipality,2
東京都,港区,building_guidance,位置指定道路,道路の位置指定・廃止,https://www.city.minato.tokyo.jp/kaihatsuchousei/kankyo-machi/kenchiku/doro.html,区公式,URL登録済,道路位置指定・廃止関連,municipality,1
東京都,世田谷区,road,指定道路図,指定道路図,https://www.sonicweb-asp.jp/setagaya/map?theme=shiteidouro,区公式,URL登録済,建築基準法第42条の道路種別を確認,municipality,1
東京都,世田谷区,hazard,ハザード,ハザードマップ,https://www.city.setagaya.lg.jp/kurashi/kyuukyuu/category/12840.html,区公式,URL登録済,世田谷区ハザードマップ一覧,municipality,1
東京都,世田谷区,hazard,洪水・内水,世田谷区洪水・内水氾濫ハザードマップ,https://www.city.setagaya.lg.jp/02049/606.html,区公式,URL登録済,洪水・内水氾濫ハザードマップ確認,municipality,2
東京都,品川区,district_plan,用途地域,用途地域等指定図,https://www.city.shinagawa.tokyo.jp/PC/kankyo/kankyo-kenchiku/kankyo-kenchiku-tebiki/hpg000003769.html,区公式,URL登録済,しながわMAPで用途地域・道路台帳・指定道路図等を確認,municipality,1
東京都,中央区,building_guidance,建築確認,建築基準法の道路種別,https://www.city.chuo.lg.jp/a0043/machizukuri/kenchiku/user_kentiku_time_dourosyubetu.html,区公式候補,確認候補,クロール結果から抽出した建築指導・建築確認関連の確認候補,municipality,30
東京都,中央区,building_guidance,建築確認,建築確認・許可・認定,https://www.city.chuo.lg.jp/machizukuri/kenchiku/kyoka/index.html,区公式候補,確認候補,クロール結果から抽出した建築指導・建築確認関連の確認候補,municipality,20
東京都,中央区,district_plan,都市計画情報,都市計画情報等,https://www.city.chuo.lg.jp/machizukuri/toshikeikaku/jouhou/index.html,区公式候補,確認候補,クロール結果から抽出した用途地域・都市計画関連の確認候補,municipality,10
東京都,中央区,district_plan,都市計画情報,都市計画・まちづくり,https://www.city.chuo.lg.jp/machizukuri/toshikeikaku/index.html,区公式候補,確認候補,クロール結果から抽出した用途地域・都市計画関連の確認候補,municipality,30
東京都,中央区,road,道路関連,建築基準法の道路種別,https://www.city.chuo.lg.jp/a0043/machizukuri/kenchiku/user_kentiku_time_dourosyubetu.html,区公式候補,確認候補,クロール結果から抽出した道路・接道関連の確認候補,municipality,10
東京都,中野区,district_plan,都市計画情報,用途地域,https://www.city.tokyo-nakano.lg.jp/machizukuri/toshi/youtochiki/index.html,区公式候補,確認候補,クロール結果から抽出した用途地域・都市計画関連の確認候補,municipality,10
東京都,中野区,hazard,ハザード,中野区ハザードマップ,https://www.city.tokyo-nakano.lg.jp/bosai/hazardmap/hazardmap.html,区公式候補,確認候補,クロール結果から抽出した防災・ハザード関連の確認候補,municipality,10
東京都,中野区,hazard,ハザード,ハザードマップ,https://www.city.tokyo-nakano.lg.jp/bosai/hazardmap/index.html,区公式候補,確認候補,クロール結果から抽出した防災・ハザード関連の確認候補,municipality,10
東京都,台東区,district_plan,都市計画情報,都市計画,https://www.city.taito.lg.jp/kenchiku/toshikeikaku/index.html,区公式候補,確認候補,クロール結果から抽出した用途地域・都市計画関連の確認候補,municipality,30
東京都,台東区,hazard,ハザード,ハザードマップ（水害・土砂災害）,https://www.city.taito.lg.jp/bosai/map/saigai/hazardmap.html,区公式候補,確認候補,クロール結果から抽出した防災・ハザード関連の確認候補,municipality,10
東京都,台東区,hazard,ハザード,ハザードマップ,https://www.city.taito.lg.jp/bosai/map/saigai/index.html,区公式候補,確認候補,クロール結果から抽出した防災・ハザード関連の確認候補,municipality,10
東京都,品川区,building_guidance,建築確認,491_ 指定道路図（建築基準法上の道路種別）,https://www.city.shinagawa.tokyo.jp/PC/kankyo/kankyo-kenchiku/hpg000016085.html,区公式候補,確認候補,クロール結果から抽出した建築指導・建築確認関連の確認候補,municipality,30
東京都,品川区,building_guidance,建築確認,9999_ 建築基準法等の取扱いについて,https://www.city.shinagawa.tokyo.jp/PC/kankyo/kankyo-kenchiku/20190417140152.html,区公式候補,確認候補,クロール結果から抽出した建築指導・建築確認関連の確認候補,municipality,30
東京都,品川区,building_guidance,建築確認,1_ 建築確認に関わるご相談の留意点について,https://www.city.shinagawa.tokyo.jp/PC/kankyo/kankyo-kenchiku/20180517153834.html,区公式候補,確認候補,クロール結果から抽出した建築指導・建築確認関連の確認候補,municipality,20
東京都,品川区,hazard,ハザード,浸水に関するハザードマップと浸水実績,https://www.city.shinagawa.tokyo.jp/PC/bosai/bosai2/taihu/hpg000020939.html,区公式候補,確認候補,クロール結果から抽出した防災・ハザード関連の確認候補,municipality,10
東京都,品川区,road,道路関連,491_ 指定道路図（建築基準法上の道路種別）,https://www.city.shinagawa.tokyo.jp/PC/kankyo/kankyo-kenchiku/hpg000016085.html,区公式候補,確認候補,クロール結果から抽出した道路・接道関連の確認候補,municipality,10
東京都,墨田区,building_guidance,建築確認,指定道路図（建築基準法上の道路種別）及び道路位置指定申請図（5号道路の指定図）の閲覧について,https://www.city.sumida.lg.jp/matizukuri/douro/annai/siteidourozu-koukai.html,区公式候補,確認候補,クロール結果から抽出した建築指導・建築確認関連の確認候補,municipality,30
東京都,墨田区,building_guidance,建築確認,建築基準法上の道路について,https://www.city.sumida.lg.jp/matizukuri/kentiku/keikaku/douro/index.html,区公式候補,確認候補,クロール結果から抽出した建築指導・建築確認関連の確認候補,municipality,30
東京都,墨田区,district_plan,都市計画情報,都市計画図,https://www.city.sumida.lg.jp/matizukuri/tosi_keikaku/tosi_keikaku/test--toshikeikakuzu.html,区公式候補,確認候補,クロール結果から抽出した用途地域・都市計画関連の確認候補,municipality,10
東京都,墨田区,hazard,ハザード,墨田区水害ハザードマップ,https://www.city.sumida.lg.jp/anzen_anshin/bousai/suigai/suigai.html,区公式候補,確認候補,クロール結果から抽出した防災・ハザード関連の確認候補,municipality,10
東京都,墨田区,road,道路関連,指定道路図（建築基準法上の道路種別）及び道路位置指定申請図（5号道路の指定図）の閲覧について,https://www.city.sumida.lg.jp/matizukuri/douro/annai/siteidourozu-koukai.html,区公式候補,確認候補,クロール結果から抽出した道路・接道関連の確認候補,municipality,10
東京都,墨田区,road,道路関連,「墨田区道路台帳現況図」検索・閲覧システムは「すみだまちづくりマップ」に移行しました,https://www.city.sumida.lg.jp/matizukuri/douro/dourowoshiraberu/douro_daicho.html,区公式候補,確認候補,クロール結果から抽出した道路・接道関連の確認候補,municipality,10
東京都,墨田区,road,道路関連,道路関係資料の閲覧・取得（道路台帳現況図など）,https://www.city.sumida.lg.jp/matizukuri/douro/dourowoshiraberu/index.html,区公式候補,確認候補,クロール結果から抽出した道路・接道関連の確認候補,municipality,10
東京都,大田区,building_guidance,建築確認,建築物・建築計画,https://www.city.ota.tokyo.jp/seikatsu/sumaimachinami/kenchiku/index.html,区公式候補,確認候補,クロール結果から抽出した建築指導・建築確認関連の確認候補,municipality,30
東京都,大田区,hazard,ハザード,"大田区防災ハザードマップ（PDF：17,750KB）",https://www.city.ota.tokyo.jp/seikatsu/chiiki/bousai/suigai/hazardmap.files/20260226_ALL.pdf,区公式候補,確認候補,クロール結果から抽出した防災・ハザード関連の確認候補,municipality,10
東京都,文京区,building_guidance,建築確認,建築確認・許可に関すること,https://www.city.bunkyo.lg.jp/machizukuri/tochi/kenchikukakunin/index.html,区公式候補,確認候補,クロール結果から抽出した建築指導・建築確認関連の確認候補,municipality,20
東京都,文京区,district_plan,都市計画情報,まちづくり・都市計画,https://www.city.bunkyo.lg.jp/machizukuri/toshikeikaku/index.html,区公式候補,確認候補,クロール結果から抽出した用途地域・都市計画関連の確認候補,municipality,30
東京都,文京区,hazard,ハザード,ハザードマップ,https://www.city.bunkyo.lg.jp/bousaianzen/bousai/kinkyuusaigai/map/index.html,区公式候補,確認候補,クロール結果から抽出した防災・ハザード関連の確認候補,municipality,10
東京都,文京区,road,道路関連,道路台帳平面図の閲覧について,https://www.city.bunkyo.lg.jp/b034/p004775/index.html,区公式候補,確認候補,クロール結果から抽出した道路・接道関連の確認候補,municipality,10
東京都,新宿区,district_plan,都市計画情報,都市計画図（用途地域等、都市施設等）の閲覧（PDF形式）,https://www.city.shinjuku.lg.jp/kusei/toshikei01_002180.html,区公式候補,確認候補,クロール結果から抽出した用途地域・都市計画関連の確認候補,municipality,10
東京都,新宿区,hazard,ハザード,ハザードマップ（災害危険個所図）,https://www.city.shinjuku.lg.jp/anzen/anshin00_100002.html,区公式候補,確認候補,クロール結果から抽出した防災・ハザード関連の確認候補,municipality,10
東京都,杉並区,building_guidance,建築確認,建築,https://www.city.suginami.tokyo.jp/machizukuri/toshiseibi/kenchiku/index.html,区公式候補,確認候補,クロール結果から抽出した建築指導・建築確認関連の確認候補,municipality,30
東京都,杉並区,district_plan,都市計画情報,都市計画,https://www.city.suginami.tokyo.jp/machizukuri/toshiseibi/toshikeikaku/index.html,区公式候補,確認候補,クロール結果から抽出した用途地域・都市計画関連の確認候補,municipality,30
東京都,杉並区,hazard,ハザード,ハザードマップ・地震被害シミュレーション,https://www.city.suginami.tokyo.jp/bousai/bousai/hazardmap/index.html,区公式候補,確認候補,クロール結果から抽出した防災・ハザード関連の確認候補,municipality,10
東京都,杉並区,hazard,ハザード,土砂災害ハザードマップ,https://www.city.suginami.tokyo.jp/s015/1526.html,区公式候補,確認候補,クロール結果から抽出した防災・ハザード関連の確認候補,municipality,10
東京都,杉並区,hazard,ハザード,わが家の水害ハザードマップ,https://www.city.suginami.tokyo.jp/s098/462.html,区公式候補,確認候補,クロール結果から抽出した防災・ハザード関連の確認候補,municipality,10
東京都,杉並区,road,道路関連,道路台帳の閲覧,https://www.city.suginami.tokyo.jp/s097/1586.html,区公式候補,確認候補,クロール結果から抽出した道路・接道関連の確認候補,municipality,10
東京都,板橋区,hazard,ハザード,防災マップ・各種ハザードマップ,https://www.city.itabashi.tokyo.jp/bousai/bousai/map/index.html,区公式候補,確認候補,クロール結果から抽出した防災・ハザード関連の確認候補,municipality,10
東京都,板橋区,hazard,ハザード,板橋区洪水ハザードマップ,https://www.city.itabashi.tokyo.jp/bousai/bousai/map/1005633.html,区公式候補,確認候補,クロール結果から抽出した防災・ハザード関連の確認候補,municipality,10
東京都,板橋区,hazard,ハザード,板橋区土砂災害ハザードマップ,https://www.city.itabashi.tokyo.jp/bousai/bousai/map/1005634.html,区公式候補,確認候補,クロール結果から抽出した防災・ハザード関連の確認候補,municipality,10
東京都,板橋区,road,道路関連,道路台帳平面図の閲覧,https://www.city.itabashi.tokyo.jp/bousai/douro/1038299/index.html,区公式候補,確認候補,クロール結果から抽出した道路・接道関連の確認候補,municipality,10
東京都,江戸川区,building_guidance,建築確認,用途地域等都市計画情報・建築基準法による指定道路情報提供サービス,https://www.city.edogawa.tokyo.jp/e016/toshikeikaku/kenchiku/toshikeikakuteikyo.html,区公式候補,確認候補,クロール結果から抽出した建築指導・建築確認関連の確認候補,municipality,10
東京都,江戸川区,building_guidance,建築確認,許可・認定・届出（建築基準法・都市計画法第53条）,https://www.city.edogawa.tokyo.jp/toshikeikaku/kenchiku/nintei_todoke/index.html,区公式候補,確認候補,クロール結果から抽出した建築指導・建築確認関連の確認候補,municipality,20
東京都,江戸川区,building_guidance,建築確認,建築確認・検査・施工計画,https://www.city.edogawa.tokyo.jp/toshikeikaku/kenchiku/kensa_keikau/index.html,区公式候補,確認候補,クロール結果から抽出した建築指導・建築確認関連の確認候補,municipality,20
東京都,江戸川区,district_plan,都市計画情報,用途地域等都市計画情報・建築基準法による指定道路情報提供サービス,https://www.city.edogawa.tokyo.jp/e016/toshikeikaku/kenchiku/toshikeikakuteikyo.html,区公式候補,確認候補,クロール結果から抽出した用途地域・都市計画関連の確認候補,municipality,10
東京都,江戸川区,district_plan,都市計画情報,許可・認定・届出（建築基準法・都市計画法第53条）,https://www.city.edogawa.tokyo.jp/toshikeikaku/kenchiku/nintei_todoke/index.html,区公式候補,確認候補,クロール結果から抽出した用途地域・都市計画関連の確認候補,municipality,20
東京都,江戸川区,hazard,ハザード,水害 洪水 高潮 ハザードマップ 詳しく見る,https://www.city.edogawa.tokyo.jp/e007/bosaianzen/bosai/kanrenmap/hazardmap/index.html,区公式候補,確認候補,クロール結果から抽出した防災・ハザード関連の確認候補,municipality,10
東京都,江戸川区,road,道路関連,用途地域等都市計画情報・建築基準法による指定道路情報提供サービス,https://www.city.edogawa.tokyo.jp/e016/toshikeikaku/kenchiku/toshikeikakuteikyo.html,区公式候補,確認候補,クロール結果から抽出した道路・接道関連の確認候補,municipality,10
東京都,江東区,building_guidance,建築確認,建築,https://www.city.koto.lg.jp/machizukuri/kenchiku/index.html,区公式候補,確認候補,クロール結果から抽出した建築指導・建築確認関連の確認候補,municipality,30
東京都,江東区,district_plan,都市計画情報,都市計画・用途地域等について,https://www.city.koto.lg.jp/machizukuri/toshi/toshikekaku/index.html,区公式候補,確認候補,クロール結果から抽出した用途地域・都市計画関連の確認候補,municipality,10
東京都,江東区,district_plan,都市計画情報,道路台帳・資料,https://www.city.koto.lg.jp/machizukuri/dorokyoryo/dorodaicho/index.html,区公式候補,確認候補,クロール結果から抽出した用途地域・都市計画関連の確認候補,municipality,30
東京都,江東区,hazard,ハザード,防災マップ・ハザードマップ,https://www.city.koto.lg.jp/bosai-top/bosaimap/index.html,区公式候補,確認候補,クロール結果から抽出した防災・ハザード関連の確認候補,municipality,10
東京都,江東区,hazard,ハザード,ハザードマップ,https://www.city.koto.lg.jp/470601/20200701.html,区公式候補,確認候補,クロール結果から抽出した防災・ハザード関連の確認候補,municipality,10
東京都,江東区,road,道路関連,道路台帳・資料,https://www.city.koto.lg.jp/machizukuri/dorokyoryo/dorodaicho/index.html,区公式候補,確認候補,クロール結果から抽出した道路・接道関連の確認候補,municipality,10
東京都,渋谷区,building_guidance,建築確認,都市計画・建築・工事,https://www.city.shibuya.tokyo.jp/jigyosha/jigyo-kenchiku/keikaku-kenchiku/,区公式候補,確認候補,クロール結果から抽出した建築指導・建築確認関連の確認候補,municipality,30
東京都,渋谷区,district_plan,都市計画情報,都市計画情報,https://www.city.shibuya.tokyo.jp/kankyo/toshikeikaku/keikaku-info/,区公式候補,確認候補,クロール結果から抽出した用途地域・都市計画関連の確認候補,municipality,10
東京都,港区,building_guidance,建築確認,建築確認,https://www.city.minato.tokyo.jp/seikatsuanzen/kankyo-machi/kenchiku/kakunin/index.html,区公式候補,確認候補,クロール結果から抽出した建築指導・建築確認関連の確認候補,municipality,20
東京都,港区,building_guidance,建築確認,建築・開発,https://www.city.minato.tokyo.jp/kankyo-machi/kenchiku/index.html,区公式候補,確認候補,クロール結果から抽出した建築指導・建築確認関連の確認候補,municipality,30
東京都,港区,district_plan,都市計画情報,浸水ハザードマップ,https://www.city.minato.tokyo.jp/dobokukeikaku/bosai-anzen/bosai/shinsui/hazard-map/index.html,区公式候補,確認候補,クロール結果から抽出した用途地域・都市計画関連の確認候補,municipality,10
東京都,港区,district_plan,都市計画情報,都市計画・まちづくり,https://www.city.minato.tokyo.jp/kankyo-machi/toshikekaku/index.html,区公式候補,確認候補,クロール結果から抽出した用途地域・都市計画関連の確認候補,municipality,30
東京都,港区,hazard,ハザード,浸水ハザードマップ,https://www.city.minato.tokyo.jp/dobokukeikaku/bosai-anzen/bosai/shinsui/hazard-map/index.html,区公式候補,確認候補,クロール結果から抽出した防災・ハザード関連の確認候補,municipality,10
東京都,目黒区,district_plan,都市計画情報,目黒区都市計画施設図（都市計画道路等）,https://www.city.meguro.tokyo.jp/toshikeikaku/shigoto/machidukuri/toshikeikakushisetsuzu.html,区公式候補,確認候補,クロール結果から抽出した用途地域・都市計画関連の確認候補,municipality,30
東京都,目黒区,hazard,ハザード,土砂災害ハザードマップ,https://www.city.meguro.tokyo.jp/bousai/bousaianzen/bousai/dosha-map.html,区公式候補,確認候補,クロール結果から抽出した防災・ハザード関連の確認候補,municipality,10
東京都,目黒区,hazard,ハザード,水害ハザードマップ,https://www.city.meguro.tokyo.jp/bousai/bousaianzen/bousai/map.html,区公式候補,確認候補,クロール結果から抽出した防災・ハザード関連の確認候補,municipality,10
東京都,練馬区,hazard,ハザード,練馬区水害ハザードマップ,https://www.city.nerima.tokyo.jp/kurashi/bosai/suigai/hazardmap.html,区公式候補,確認候補,クロール結果から抽出した防災・ハザード関連の確認候補,municipality,10
東京都,練馬区,hazard,ハザード,練馬区土砂災害ハザードマップ,https://www.city.nerima.tokyo.jp/kurashi/bosai/suigai/20171206.html,区公式候補,確認候補,クロール結果から抽出した防災・ハザード関連の確認候補,municipality,10
東京都,荒川区,building_guidance,建築確認,位置指定道路（建築基準法第42条第1項第五号）,https://www.city.arakawa.tokyo.jp/a044/machizukuridoboku/kenchikukaihatsu/ichishitei.html,区公式候補,確認候補,クロール結果から抽出した建築指導・建築確認関連の確認候補,municipality,30
東京都,荒川区,building_guidance,建築確認,指定道路情報（建築基準法の道路種別）,https://www.city.arakawa.tokyo.jp/a044/machizukuridoboku/tochidouro/siteidouro.html,区公式候補,確認候補,クロール結果から抽出した建築指導・建築確認関連の確認候補,municipality,30
東京都,荒川区,district_plan,都市計画情報,位置指定道路（建築基準法第42条第1項第五号）,https://www.city.arakawa.tokyo.jp/a044/machizukuridoboku/kenchikukaihatsu/ichishitei.html,区公式候補,確認候補,クロール結果から抽出した用途地域・都市計画関連の確認候補,municipality,30
東京都,荒川区,district_plan,都市計画情報,指定道路情報（建築基準法の道路種別）,https://www.city.arakawa.tokyo.jp/a044/machizukuridoboku/tochidouro/siteidouro.html,区公式候補,確認候補,クロール結果から抽出した用途地域・都市計画関連の確認候補,municipality,30
東京都,荒川区,district_plan,都市計画情報,都市計画,https://www.city.arakawa.tokyo.jp/machizukuridoboku/machizukuri/toshikeikaku/index.html,区公式候補,確認候補,クロール結果から抽出した用途地域・都市計画関連の確認候補,municipality,30
東京都,荒川区,hazard,ハザード,荒川区土砂災害ハザードマップ,https://www.city.arakawa.tokyo.jp/a013/bousai/suigainisonaete/dosya-map.html,区公式候補,確認候補,クロール結果から抽出した防災・ハザード関連の確認候補,municipality,10
東京都,荒川区,hazard,ハザード,荒川区水害ハザードマップ,https://www.city.arakawa.tokyo.jp/a013/bousai/suigainisonaete/suigaimap.html,区公式候補,確認候補,クロール結果から抽出した防災・ハザード関連の確認候補,municipality,10
東京都,荒川区,road,道路関連,指定道路情報（建築基準法の道路種別）,https://www.city.arakawa.tokyo.jp/a044/machizukuridoboku/tochidouro/siteidouro.html,区公式候補,確認候補,クロール結果から抽出した道路・接道関連の確認候補,municipality,10
東京都,荒川区,road,道路関連,位置指定道路（建築基準法第42条第1項第五号）,https://www.city.arakawa.tokyo.jp/a044/machizukuridoboku/kenchikukaihatsu/ichishitei.html,区公式候補,確認候補,クロール結果から抽出した道路・接道関連の確認候補,municipality,10
東京都,葛飾区,district_plan,都市計画情報,葛飾区都市計画図［用途地域等］の公開,https://www.city.katsushika.lg.jp/planning/1030239/1003611/1003704.html,区公式候補,確認候補,クロール結果から抽出した用途地域・都市計画関連の確認候補,municipality,10
東京都,葛飾区,district_plan,都市計画情報,用途地域・都市計画,https://www.city.katsushika.lg.jp/planning/1030239/1003611/index.html,区公式候補,確認候補,クロール結果から抽出した用途地域・都市計画関連の確認候補,municipality,10
東京都,豊島区,building_guidance,建築確認,建築,https://www.city.toshima.lg.jp/machizukuri/sumai/kenchiku/index.html,区公式候補,確認候補,クロール結果から抽出した建築指導・建築確認関連の確認候補,municipality,30
東京都,豊島区,district_plan,都市計画情報,都市計画に関すること（都市計画図・用途地域の照会等）,https://www.city.toshima.lg.jp/machizukuri/toshikekaku/toshikekaku/index.html,区公式候補,確認候補,クロール結果から抽出した用途地域・都市計画関連の確認候補,municipality,10
東京都,豊島区,district_plan,都市計画情報,ハザードマップ,https://www.city.toshima.lg.jp/bosai/taisaku/hazardmap.html,区公式候補,確認候補,クロール結果から抽出した用途地域・都市計画関連の確認候補,municipality,10
東京都,豊島区,district_plan,都市計画情報,ハザードマップ,https://www.city.toshima.lg.jp/bosai/taisaku/hazard-map/index.html,区公式候補,確認候補,クロール結果から抽出した用途地域・都市計画関連の確認候補,municipality,10
東京都,豊島区,hazard,ハザード,ハザードマップ,https://www.city.toshima.lg.jp/bosai/taisaku/hazardmap.html,区公式候補,確認候補,クロール結果から抽出した防災・ハザード関連の確認候補,municipality,10
東京都,豊島区,hazard,ハザード,ハザードマップ,https://www.city.toshima.lg.jp/bosai/taisaku/hazard-map/index.html,区公式候補,確認候補,クロール結果から抽出した防災・ハザード関連の確認候補,municipality,10
東京都,足立区,building_guidance,建築確認,建築物の許可・検査・確認,https://www.city.adachi.tokyo.jp/machi/kenchikubutsu/index.html,区公式候補,確認候補,クロール結果から抽出した建築指導・建築確認関連の確認候補,municipality,30
東京都,足立区,district_plan,都市計画情報,都市計画情報の提供について,https://www.city.adachi.tokyo.jp/toshi/machi/toshi/zu.html,区公式候補,確認候補,クロール結果から抽出した用途地域・都市計画関連の確認候補,municipality,10
東京都,足立区,district_plan,都市計画情報,都市計画情報,https://www.city.adachi.tokyo.jp/machi/toshi/index.html,区公式候補,確認候補,クロール結果から抽出した用途地域・都市計画関連の確認候補,municipality,10
東京都,足立区,hazard,ハザード,足立区洪水・内水・高潮ハザードマップ（電子ブック版,https://www.city.adachi.tokyo.jp/miryoku/hon/ebook.html,区公式候補,確認候補,クロール結果から抽出した防災・ハザード関連の確認候補,municipality,10
東京都,足立区,hazard,ハザード,洪水ハザードマップ,https://www.city.adachi.tokyo.jp/kikaku/bosai/bosai/hazard-map-k.html,区公式候補,確認候補,クロール結果から抽出した防災・ハザード関連の確認候補,municipality,10
