base_municipality,category,search_keyword,google_search_url,registered_url
千代田区,official,千代田区 公式サイト,https://www.google.com/search?q=%E5%8D%83%E4%BB%A3%E7%94%B0%E5%8C%BA+%E5%85%AC%E5%BC%8F%E3%82%B5%E3%82%A4%E3%83%88,
千代田区,road,千代田区 指定道路図,https://www.google.com/search?q=%E5%8D%83%E4%BB%A3%E7%94%B0%E5%8C%BA+%E6%8C%87%E5%AE%9A%E9%81%93%E8%B7%AF%E5%9B%B3,
千代田区,district_plan,千代田区 地区計画,https://www.google.com/search?q=%E5%8D%83%E4%BB%A3%E7%94%B0%E5%8C%BA+%E5%9C%B0%E5%8C%BA%E8%A8%88%E7%94%BB,
千代田区,building_guidance,千代田区 建築指導課,https://www.google.com/search?q=%E5%8D%83%E4%BB%A3%E7%94%B0%E5%8C%BA+%E5%BB%BA%E7%AF%89%E6%8C%87%E5%B0%8E%E8%AA%B2,
中央区,official,中央区 公式サイト,https://www.google.com/search?q=%E4%B8%AD%E5%A4%AE%E5%8C%BA+%E5%85%AC%E5%BC%8F%E3%82%B5%E3%82%A4%E3%83%88,
中央区,road,中央区 指定道路図,https://www.google.com/search?q=%E4%B8%AD%E5%A4%AE%E5%8C%BA+%E6%8C%87%E5%AE%9A%E9%81%93%E8%B7%AF%E5%9B%B3,
中央区,district_plan,中央区 地区計画,https://www.google.com/search?q=%E4%B8%AD%E5%A4%AE%E5%8C%BA+%E5%9C%B0%E5%8C%BA%E8%A8%88%E7%94%BB,
中央区,building_guidance,中央区 建築指導課,https://www.google.com/search?q=%E4%B8%AD%E5%A4%AE%E5%8C%BA+%E5%BB%BA%E7%AF%89%E6%8C%87%E5%B0%8E%E8%AA%B2,
港区,official,港区 公式サイト,https://www.google.com/search?q=%E6%B8%AF%E5%8C%BA+%E5%85%AC%E5%BC%8F%E3%82%B5%E3%82%A4%E3%83%88,
港区,road,港区 指定道路図,https://www.google.com/search?q=%E6%B8%AF%E5%8C%BA+%E6%8C%87%E5%AE%9A%E9%81%93%E8%B7%AF%E5%9B%B3,
港区,district_plan,港区 地区計画,https://www.google.com/search?q=%E6%B8%AF%E5%8C%BA+%E5%9C%B0%E5%8C%BA%E8%A8%88%E7%94%BB,
港区,building_guidance,港区 建築指導課,https://www.google.com/search?q=%E6%B8%AF%E5%8C%BA+%E5%BB%BA%E7%AF%89%E6%8C%87%E5%B0%8E%E8%AA%B2,
新宿区,official,新宿区 公式サイト,https://www.google.com/search?q=%E6%96%B0%E5%AE%BF%E5%8C%BA+%E5%85%AC%E5%BC%8F%E3%82%B5%E3%82%A4%E3%83%88,https://www.city.shinjuku.lg.jp/
新宿区,road,新宿区 指定道路図,https://www.google.com/search?q=%E6%96%B0%E5%AE%BF%E5%8C%BA+%E6%8C%87%E5%AE%9A%E9%81%93%E8%B7%AF%E5%9B%B3,https://www.city.shinjuku.lg.jp/seikatsu/file18_03_00008.html
新宿区,district_plan,新宿区 地区計画,https://www.google.com/search?q=%E6%96%B0%E5%AE%BF%E5%8C%BA+%E5%9C%B0%E5%8C%BA%E8%A8%88%E7%94%BB,
新宿区,building_guidance,新宿区 建築指導課,https://www.google.com/search?q=%E6%96%B0%E5%AE%BF%E5%8C%BA+%E5%BB%BA%E7%AF%89%E6%8C%87%E5%B0%8E%E8%AA%B2,
文京区,official,文京区 公式サイト,https://www.google.com/search?q=%E6%96%87%E4%BA%AC%E5%8C%BA+%E5%85%AC%E5%BC%8F%E3%82%B5%E3%82%A4%E3%83%88,
文京区,road,文京区 指定道路図,https://www.google.com/search?q=%E6%96%87%E4%BA%AC%E5%8C%BA+%E6%8C%87%E5%AE%9A%E9%81%93%E8%B7%AF%E5%9B%B3,
文京区,district_plan,文京区 地区計画,https://www.google.com/search?q=%E6%96%87%E4%BA%AC%E5%8C%BA+%E5%9C%B0%E5%8C%BA%E8%A8%88%E7%94%BB,
文京区,building_guidance,文京区 建築指導課,https://www.google.com/search?q=%E6%96%87%E4%BA%AC%E5%8C%BA+%E5%BB%BA%E7%AF%89%E6%8C%87%E5%B0%8E%E8%AA%B2,
台東区,official,台東区 公式サイト,https://www.google.com/search?q=%E5%8F%B0%E6%9D%B1%E5%8C%BA+%E5%85%AC%E5%BC%8F%E3%82%B5%E3%82%A4%E3%83%88,
台東区,road,台東区 指定道路図,https://www.google.com/search?q=%E5%8F%B0%E6%9D%B1%E5%8C%BA+%E6%8C%87%E5%AE%9A%E9%81%93%E8%B7%AF%E5%9B%B3,
台東区,district_plan,台東区 地区計画,https://www.google.com/search?q=%E5%8F%B0%E6%9D%B1%E5%8C%BA+%E5%9C%B0%E5%8C%BA%E8%A8%88%E7%94%BB,
台東区,building_guidance,台東区 建築指導課,https://www.google.com/search?q=%E5%8F%B0%E6%9D%B1%E5%8C%BA+%E5%BB%BA%E7%AF%89%E6%8C%87%E5%B0%8E%E8%AA%B2,
墨田区,official,墨田区 公式サイト,https://www.google.com/search?q=%E5%A2%A8%E7%94%B0%E5%8C%BA+%E5%85%AC%E5%BC%8F%E3%82%B5%E3%82%A4%E3%83%88,
墨田区,road,墨田区 指定道路図,https://www.google.com/search?q=%E5%A2%A8%E7%94%B0%E5%8C%BA+%E6%8C%87%E5%AE%9A%E9%81%93%E8%B7%AF%E5%9B%B3,
墨田区,district_plan,墨田区 地区計画,https://www.google.com/search?q=%E5%A2%A8%E7%94%B0%E5%8C%BA+%E5%9C%B0%E5%8C%BA%E8%A8%88%E7%94%BB,
墨田区,building_guidance,墨田区 建築指導課,https://www.google.com/search?q=%E5%A2%A8%E7%94%B0%E5%8C%BA+%E5%BB%BA%E7%AF%89%E6%8C%87%E5%B0%8E%E8%AA%B2,
江東区,official,江東区 公式サイト,https://www.google.com/search?q=%E6%B1%9F%E6%9D%B1%E5%8C%BA+%E5%85%AC%E5%BC%8F%E3%82%B5%E3%82%A4%E3%83%88,
江東区,road,江東区 指定道路図,https://www.google.com/search?q=%E6%B1%9F%E6%9D%B1%E5%8C%BA+%E6%8C%87%E5%AE%9A%E9%81%93%E8%B7%AF%E5%9B%B3,
江東区,district_plan,江東区 地区計画,https://www.google.com/search?q=%E6%B1%9F%E6%9D%B1%E5%8C%BA+%E5%9C%B0%E5%8C%BA%E8%A8%88%E7%94%BB,
江東区,building_guidance,江東区 建築指導課,https://www.google.com/search?q=%E6%B1%9F%E6%9D%B1%E5%8C%BA+%E5%BB%BA%E7%AF%89%E6%8C%87%E5%B0%8E%E8%AA%B2,
品川区,official,品川区 公式サイト,https://www.google.com/search?q=%E5%93%81%E5%B7%9D%E5%8C%BA+%E5%85%AC%E5%BC%8F%E3%82%B5%E3%82%A4%E3%83%88,
品川区,road,品川区 指定道路図,https://www.google.com/search?q=%E5%93%81%E5%B7%9D%E5%8C%BA+%E6%8C%87%E5%AE%9A%E9%81%93%E8%B7%AF%E5%9B%B3,
品川区,district_plan,品川区 地区計画,https://www.google.com/search?q=%E5%93%81%E5%B7%9D%E5%8C%BA+%E5%9C%B0%E5%8C%BA%E8%A8%88%E7%94%BB,
品川区,building_guidance,品川区 建築指導課,https://www.google.com/search?q=%E5%93%81%E5%B7%9D%E5%8C%BA+%E5%BB%BA%E7%AF%89%E6%8C%87%E5%B0%8E%E8%AA%B2,
目黒区,official,目黒区 公式サイト,https://www.google.com/search?q=%E7%9B%AE%E9%BB%92%E5%8C%BA+%E5%85%AC%E5%BC%8F%E3%82%B5%E3%82%A4%E3%83%88,
目黒区,road,目黒区 指定道路図,https://www.google.com/search?q=%E7%9B%AE%E9%BB%92%E5%8C%BA+%E6%8C%87%E5%AE%9A%E9%81%93%E8%B7%AF%E5%9B%B3,
目黒区,district_plan,目黒区 地区計画,https://www.google.com/search?q=%E7%9B%AE%E9%BB%92%E5%8C%BA+%E5%9C%B0%E5%8C%BA%E8%A8%88%E7%94%BB,
目黒区,building_guidance,目黒区 建築指導課,https://www.google.com/search?q=%E7%9B%AE%E9%BB%92%E5%8C%BA+%E5%BB%BA%E7%AF%89%E6%8C%87%E5%B0%8E%E8%AA%B2,
大田区,official,大田区 公式サイト,https://www.google.com/search?q=%E5%A4%A7%E7%94%B0%E5%8C%BA+%E5%85%AC%E5%BC%8F%E3%82%B5%E3%82%A4%E3%83%88,
大田区,road,大田区 指定道路図,https://www.google.com/search?q=%E5%A4%A7%E7%94%B0%E5%8C%BA+%E6%8C%87%E5%AE%9A%E9%81%93%E8%B7%AF%E5%9B%B3,
大田区,district_plan,大田区 地区計画,https://www.google.com/search?q=%E5%A4%A7%E7%94%B0%E5%8C%BA+%E5%9C%B0%E5%8C%BA%E8%A8%88%E7%94%BB,
大田区,building_guidance,大田区 建築指導課,https://www.google.com/search?q=%E5%A4%A7%E7%94%B0%E5%8C%BA+%E5%BB%BA%E7%AF%89%E6%8C%87%E5%B0%8E%E8%AA%B2,
世田谷区,official,世田谷区 公式サイト,https://www.google.com/search?q=%E4%B8%96%E7%94%B0%E8%B0%B7%E5%8C%BA+%E5%85%AC%E5%BC%8F%E3%82%B5%E3%82%A4%E3%83%88,
世田谷区,road,世田谷区 指定道路図,https://www.google.com/search?q=%E4%B8%96%E7%94%B0%E8%B0%B7%E5%8C%BA+%E6%8C%87%E5%AE%9A%E9%81%93%E8%B7%AF%E5%9B%B3,
世田谷区,district_plan,世田谷区 地区計画,https://www.google.com/search?q=%E4%B8%96%E7%94%B0%E8%B0%B7%E5%8C%BA+%E5%9C%B0%E5%8C%BA%E8%A8%88%E7%94%BB,
世田谷区,building_guidance,世田谷区 建築指導課,https://www.google.com/search?q=%E4%B8%96%E7%94%B0%E8%B0%B7%E5%8C%BA+%E5%BB%BA%E7%AF%89%E6%8C%87%E5%B0%8E%E8%AA%B2,
渋谷区,official,渋谷区 公式サイト,https://www.google.com/search?q=%E6%B8%8B%E8%B0%B7%E5%8C%BA+%E5%85%AC%E5%BC%8F%E3%82%B5%E3%82%A4%E3%83%88,https://www.city.shibuya.tokyo.jp/
渋谷区,road,渋谷区 指定道路図,https://www.google.com/search?q=%E6%B8%8B%E8%B0%B7%E5%8C%BA+%E6%8C%87%E5%AE%9A%E9%81%93%E8%B7%AF%E5%9B%B3,
渋谷区,district_plan,渋谷区 地区計画,https://www.google.com/search?q=%E6%B8%8B%E8%B0%B7%E5%8C%BA+%E5%9C%B0%E5%8C%BA%E8%A8%88%E7%94%BB,
渋谷区,building_guidance,渋谷区 建築指導課,https://www.google.com/search?q=%E6%B8%8B%E8%B0%B7%E5%8C%BA+%E5%BB%BA%E7%AF%89%E6%8C%87%E5%B0%8E%E8%AA%B2,
中野区,official,中野区 公式サイト,https://www.google.com/search?q=%E4%B8%AD%E9%87%8E%E5%8C%BA+%E5%85%AC%E5%BC%8F%E3%82%B5%E3%82%A4%E3%83%88,
中野区,road,中野区 指定道路図,https://www.google.com/search?q=%E4%B8%AD%E9%87%8E%E5%8C%BA+%E6%8C%87%E5%AE%9A%E9%81%93%E8%B7%AF%E5%9B%B3,
中野区,district_plan,中野区 地区計画,https://www.google.com/search?q=%E4%B8%AD%E9%87%8E%E5%8C%BA+%E5%9C%B0%E5%8C%BA%E8%A8%88%E7%94%BB,
中野区,building_guidance,中野区 建築指導課,https://www.google.com/search?q=%E4%B8%AD%E9%87%8E%E5%8C%BA+%E5%BB%BA%E7%AF%89%E6%8C%87%E5%B0%8E%E8%AA%B2,
杉並区,official,杉並区 公式サイト,https://www.google.com/search?q=%E6%9D%89%E4%B8%A6%E5%8C%BA+%E5%85%AC%E5%BC%8F%E3%82%B5%E3%82%A4%E3%83%88,
杉並区,road,杉並区 指定道路図,https://www.google.com/search?q=%E6%9D%89%E4%B8%A6%E5%8C%BA+%E6%8C%87%E5%AE%9A%E9%81%93%E8%B7%AF%E5%9B%B3,
杉並区,district_plan,杉並区 地区計画,https://www.google.com/search?q=%E6%9D%89%E4%B8%A6%E5%8C%BA+%E5%9C%B0%E5%8C%BA%E8%A8%88%E7%94%BB,
杉並区,building_guidance,杉並区 建築指導課,https://www.google.com/search?q=%E6%9D%89%E4%B8%A6%E5%8C%BA+%E5%BB%BA%E7%AF%89%E6%8C%87%E5%B0%8E%E8%AA%B2,
豊島区,official,豊島区 公式サイト,https://www.google.com/search?q=%E8%B1%8A%E5%B3%B6%E5%8C%BA+%E5%85%AC%E5%BC%8F%E3%82%B5%E3%82%A4%E3%83%88,
豊島区,road,豊島区 指定道路図,https://www.google.com/search?q=%E8%B1%8A%E5%B3%B6%E5%8C%BA+%E6%8C%87%E5%AE%9A%E9%81%93%E8%B7%AF%E5%9B%B3,
豊島区,district_plan,豊島区 地区計画,https://www.google.com/search?q=%E8%B1%8A%E5%B3%B6%E5%8C%BA+%E5%9C%B0%E5%8C%BA%E8%A8%88%E7%94%BB,
豊島区,building_guidance,豊島区 建築指導課,https://www.google.com/search?q=%E8%B1%8A%E5%B3%B6%E5%8C%BA+%E5%BB%BA%E7%AF%89%E6%8C%87%E5%B0%8E%E8%AA%B2,
北区,official,北区 公式サイト,https://www.google.com/search?q=%E5%8C%97%E5%8C%BA+%E5%85%AC%E5%BC%8F%E3%82%B5%E3%82%A4%E3%83%88,
北区,road,北区 指定道路図,https://www.google.com/search?q=%E5%8C%97%E5%8C%BA+%E6%8C%87%E5%AE%9A%E9%81%93%E8%B7%AF%E5%9B%B3,
北区,district_plan,北区 地区計画,https://www.google.com/search?q=%E5%8C%97%E5%8C%BA+%E5%9C%B0%E5%8C%BA%E8%A8%88%E7%94%BB,
北区,building_guidance,北区 建築指導課,https://www.google.com/search?q=%E5%8C%97%E5%8C%BA+%E5%BB%BA%E7%AF%89%E6%8C%87%E5%B0%8E%E8%AA%B2,
荒川区,official,荒川区 公式サイト,https://www.google.com/search?q=%E8%8D%92%E5%B7%9D%E5%8C%BA+%E5%85%AC%E5%BC%8F%E3%82%B5%E3%82%A4%E3%83%88,
荒川区,road,荒川区 指定道路図,https://www.google.com/search?q=%E8%8D%92%E5%B7%9D%E5%8C%BA+%E6%8C%87%E5%AE%9A%E9%81%93%E8%B7%AF%E5%9B%B3,
荒川区,district_plan,荒川区 地区計画,https://www.google.com/search?q=%E8%8D%92%E5%B7%9D%E5%8C%BA+%E5%9C%B0%E5%8C%BA%E8%A8%88%E7%94%BB,
荒川区,building_guidance,荒川区 建築指導課,https://www.google.com/search?q=%E8%8D%92%E5%B7%9D%E5%8C%BA+%E5%BB%BA%E7%AF%89%E6%8C%87%E5%B0%8E%E8%AA%B2,
板橋区,official,板橋区 公式サイト,https://www.google.com/search?q=%E6%9D%BF%E6%A9%8B%E5%8C%BA+%E5%85%AC%E5%BC%8F%E3%82%B5%E3%82%A4%E3%83%88,
板橋区,road,板橋区 指定道路図,https://www.google.com/search?q=%E6%9D%BF%E6%A9%8B%E5%8C%BA+%E6%8C%87%E5%AE%9A%E9%81%93%E8%B7%AF%E5%9B%B3,
板橋区,district_plan,板橋区 地区計画,https://www.google.com/search?q=%E6%9D%BF%E6%A9%8B%E5%8C%BA+%E5%9C%B0%E5%8C%BA%E8%A8%88%E7%94%BB,
板橋区,building_guidance,板橋区 建築指導課,https://www.google.com/search?q=%E6%9D%BF%E6%A9%8B%E5%8C%BA+%E5%BB%BA%E7%AF%89%E6%8C%87%E5%B0%8E%E8%AA%B2,
練馬区,official,練馬区 公式サイト,https://www.google.com/search?q=%E7%B7%B4%E9%A6%AC%E5%8C%BA+%E5%85%AC%E5%BC%8F%E3%82%B5%E3%82%A4%E3%83%88,
練馬区,road,練馬区 指定道路図,https://www.google.com/search?q=%E7%B7%B4%E9%A6%AC%E5%8C%BA+%E6%8C%87%E5%AE%9A%E9%81%93%E8%B7%AF%E5%9B%B3,
練馬区,district_plan,練馬区 地区計画,https://www.google.com/search?q=%E7%B7%B4%E9%A6%AC%E5%8C%BA+%E5%9C%B0%E5%8C%BA%E8%A8%88%E7%94%BB,
練馬区,building_guidance,練馬区 建築指導課,https://www.google.com/search?q=%E7%B7%B4%E9%A6%AC%E5%8C%BA+%E5%BB%BA%E7%AF%89%E6%8C%87%E5%B0%8E%E8%AA%B2,
足立区,official,足立区 公式サイト,https://www.google.com/search?q=%E8%B6%B3%E7%AB%8B%E5%8C%BA+%E5%85%AC%E5%BC%8F%E3%82%B5%E3%82%A4%E3%83%88,
足立区,road,足立区 指定道路図,https://www.google.com/search?q=%E8%B6%B3%E7%AB%8B%E5%8C%BA+%E6%8C%87%E5%AE%9A%E9%81%93%E8%B7%AF%E5%9B%B3,
足立区,district_plan,足立区 地区計画,https://www.google.com/search?q=%E8%B6%B3%E7%AB%8B%E5%8C%BA+%E5%9C%B0%E5%8C%BA%E8%A8%88%E7%94%BB,
足立区,building_guidance,足立区 建築指導課,https://www.google.com/search?q=%E8%B6%B3%E7%AB%8B%E5%8C%BA+%E5%BB%BA%E7%AF%89%E6%8C%87%E5%B0%8E%E8%AA%B2,
葛飾区,official,葛飾区 公式サイト,https://www.google.com/search?q=%E8%91%9B%E9%A3%BE%E5%8C%BA+%E5%85%AC%E5%BC%8F%E3%82%B5%E3%82%A4%E3%83%88,
葛飾区,road,葛飾区 指定道路図,https://www.google.com/search?q=%E8%91%9B%E9%A3%BE%E5%8C%BA+%E6%8C%87%E5%AE%9A%E9%81%93%E8%B7%AF%E5%9B%B3,
葛飾区,district_plan,葛飾区 地区計画,https://www.google.com/search?q=%E8%91%9B%E9%A3%BE%E5%8C%BA+%E5%9C%B0%E5%8C%BA%E8%A8%88%E7%94%BB,
葛飾区,building_guidance,葛飾区 建築指導課,https://www.google.com/search?q=%E8%91%9B%E9%A3%BE%E5%8C%BA+%E5%BB%BA%E7%AF%89%E6%8C%87%E5%B0%8E%E8%AA%B2,
江戸川区,official,江戸川区 公式サイト,https://www.google.com/search?q=%E6%B1%9F%E6%88%B8%E5%B7%9D%E5%8C%BA+%E5%85%AC%E5%BC%8F%E3%82%B5%E3%82%A4%E3%83%88,
江戸川区,road,江戸川区 指定道路図,https://www.google.com/search?q=%E6%B1%9F%E6%88%B8%E5%B7%9D%E5%8C%BA+%E6%8C%87%E5%AE%9A%E9%81%93%E8%B7%AF%E5%9B%B3,
江戸川区,district_plan,江戸川区 地区計画,https://www.google.com/search?q=%E6%B1%9F%E6%88%B8%E5%B7%9D%E5%8C%BA+%E5%9C%B0%E5%8C%BA%E8%A8%88%E7%94%BB,
江戸川区,building_guidance,江戸川区 建築指導課,https://www.google.com/search?q=%E6%B1%9F%E6%88%B8%E5%B7%9D%E5%8C%BA+%E5%BB%BA%E7%AF%89%E6%8C%87%E5%B0%8E%E8%AA%B2,
